Date,r
2012/6/19,-0.002847044
2012/6/20,-0.013873316
2012/6/21,0.007639517
2012/6/22,-0.019655886
2012/6/25,0.002205111
2012/6/26,0.004308597
2012/6/27,-0.009531801
2012/6/28,0.0259327
2012/6/29,0.014483611
2012/7/2,0.011561191
2012/7/3,0.017414781
2012/7/5,-0.006678645
2012/7/6,0.013133839
2012/7/9,-0.009295535
2012/7/10,-0.006234352
2012/7/11,-0.009191226
2012/7/12,0.010084198
2012/7/13,0.003201699
2012/7/16,4.94559E-05
2012/7/17,-0.001121062
2012/7/18,0.013207067
2012/7/19,-0.016445194
2012/7/20,-0.000778122
2012/7/23,-0.004830814
2012/7/24,-0.044144008
2012/7/25,-0.000156528
2012/7/26,0.017723949
2012/7/27,0.016726558
2012/7/30,0.026092225
2012/7/31,-0.006488382
2012/8/1,0.0016137
2012/8/2,0.01293045
2012/8/3,0.011064121
2012/8/6,-0.002637783
2012/8/7,-0.001692543
2012/8/8,0.001402539
2012/8/9,0.001561463
2012/8/10,0.013262177
2012/8/13,0.002678897
2012/8/14,-0.001362342
2012/8/15,0.008696656
2012/8/16,0.018327417
2012/8/17,0.025952168
2012/8/20,-0.013760379
2012/8/21,0.019337473
2012/8/22,-0.009372908
2012/8/23,0.000889935
2012/8/24,0.018612914
2012/8/27,-0.0013033
2012/8/28,-0.001972899
2012/8/29,-0.01435714
2012/8/30,0.002061591
2012/8/31,0.014520326
2012/9/4,-0.007047237
2012/9/5,0.008971414
2012/9/6,0.006147302
2012/9/7,-0.026356896
2012/9/10,-0.003249393
2012/9/11,0.013830753
2012/9/12,0.019501412
2012/9/13,0.012079392
2012/9/14,0.012221071
2012/9/17,0.003039134
2012/9/18,0.000270705
2012/9/19,-0.004854436
2012/9/20,0.001987438
2012/9/21,-0.013373074
2012/9/24,-0.025288427
2012/9/25,-0.012489644
2012/9/26,0.023974346
2012/9/27,-0.021092085
2012/9/28,-0.01162483
2012/10/1,0.002907533
2012/10/2,0.015216801
2012/10/3,-0.006949384
2012/10/4,-0.021541048
2012/10/5,-0.022344355
2012/10/8,-0.003642013
2012/10/9,0.007926342
2012/10/10,-0.020189696
2012/10/11,0.002560051
2012/10/12,0.007987572
2012/10/15,0.023402228
2012/10/16,-0.008003708
2012/10/17,-0.018743943
2012/10/18,-0.036704879
2012/10/19,0.038899617
2012/10/22,-0.033144265
2012/10/23,0.005641394
2012/10/24,-0.011888879
2012/10/25,-0.00913037
2012/10/26,-0.014475075
2012/10/31,0.002047201
2012/11/1,-0.033650711
2012/11/2,0.013466491
2012/11/5,-0.003032234
2012/11/6,-0.043570852
2012/11/7,-0.03696523
2012/11/8,0.017164718
2012/11/9,-0.007762268
2012/11/12,0.000128946
2012/11/13,-0.011150535
2012/11/14,-0.021196148
2012/11/15,0.003911605
2012/11/16,0.069626862
2012/11/19,-0.008556525
2012/11/20,0.00140752
2012/11/21,0.017296485
2012/11/23,0.031061243
2012/11/26,-0.008089955
2012/11/27,-0.003151429
2012/11/28,0.010952903
2012/11/29,-0.006946824
2012/11/30,0.001553556
2012/12/3,-0.017796725
2012/12/4,-0.066521305
2012/12/5,0.015561644
2012/12/6,-0.025897164
2012/12/7,-0.006452978
2012/12/10,0.021602564
2012/12/11,-0.00442438
2012/12/12,-0.017423641
2012/12/13,-0.038293093
2012/12/14,0.017577393
2012/12/17,0.02863237
2012/12/18,-0.014318246
2012/12/19,-0.008740104
2012/12/20,-0.004610678
2012/12/21,0.001616054
2012/12/24,-0.013879813
2012/12/26,0.004007585
2012/12/27,-0.010676965
2012/12/28,0.043356531
2012/12/31,0.031190055
2013/1/2,-0.012702548
2013/1/3,-0.028249953
2013/1/4,-0.005899707
2013/1/7,0.002687677
2013/1/8,-0.015752217
2013/1/9,0.012319929
2013/1/10,-0.006150571
2013/1/11,-0.036303634
2013/1/14,-0.032057978
2013/1/15,0.040670454
2013/1/16,-0.006760751
2013/1/17,-0.005345615
2013/1/18,0.009494774
2013/1/22,0.018139841
2013/1/23,-0.131884564
2013/1/24,-0.023856195
2013/1/25,0.022367762
2013/1/28,0.018588762
2013/1/29,-0.003147165
2013/1/30,-0.002937559
2013/1/31,-0.004113937
2013/2/1,-0.025226214
2013/2/4,0.034486193
2013/2/5,-0.001070816
2013/2/6,0.023489291
2013/2/7,0.014334452
2013/2/8,0.010367462
2013/2/11,-0.025385612
2013/2/12,-0.001903944
2013/2/13,-0.000899683
2013/2/14,-0.013876681
2013/2/15,-0.000369601
2013/2/19,-0.024515925
2013/2/20,-0.006235293
2013/2/21,0.010592502
2013/2/22,-0.017927737
2013/2/25,0.01383786
2013/2/26,-0.009848556
2013/2/27,-0.007156011
2013/2/28,-0.025073849
2013/3/1,-0.024503892
2013/3/4,0.026059083
2013/3/5,-0.012791939
2013/3/6,0.011492213
2013/3/7,0.002644074
2013/3/8,0.014144842
2013/3/11,-0.021794708
2013/3/12,-0.000186736
2013/3/13,0.009641754
2013/3/14,0.025476149
2013/3/15,0.026820126
2013/3/18,-0.002702639
2013/3/19,-0.005316853
2013/3/20,0.001436748
2013/3/21,0.020074198
2013/3/22,0.003608912
2013/3/25,-0.005277294
2013/3/26,-0.019842564
2013/3/27,-0.021057139
2013/3/28,-0.031554911
2013/4/1,0.002049639
2013/4/2,0.005105695
2013/4/3,-0.009933664
2013/4/4,-0.010623858
2013/4/5,0.007087302
2013/4/8,0.001804991
2013/4/9,0.02019378
2013/4/10,-0.00312634
2013/4/11,-0.010484648
2013/4/12,-0.02342247
2013/4/15,0.015105044
2013/4/16,-0.056562418
2013/4/17,-0.027050738
2013/4/18,-0.003884612
2013/4/19,0.020629196
2013/4/22,0.018539328
2013/4/23,-0.00165111
2013/4/24,0.007175908
2013/4/25,0.02136761
2013/4/26,0.030498544
2013/4/29,0.029008738
2013/4/30,-0.007913191
2013/5/1,0.014082352
2013/5/2,0.009961016
2013/5/3,0.023565683
2013/5/6,-0.004459687
2013/5/7,0.011230471
2013/5/8,-0.015359745
2013/5/9,-0.008354005
2013/5/10,0.00389985
2013/5/13,-0.024216541
2013/5/14,-0.034402027
2013/5/15,0.01327285
2013/5/16,-0.003042047
2013/5/17,0.022073789
2013/5/20,-0.007410061
2013/5/21,0.003836501
2013/5/22,0.001788344
2013/5/23,0.00678473
2013/5/24,-0.008369194
2013/5/28,0.007919797
2013/5/29,0.014790646
2013/5/30,-0.004105053
2013/5/31,0.00219883
2013/6/3,-0.003133285
2013/6/4,-0.009391568
2013/6/5,-0.015052855
2013/6/6,0.007611347
2013/6/7,-0.006631131
2013/6/10,-0.002943598
2013/6/11,-0.012439927
2013/6/12,0.008685199
2013/6/13,-0.013648987
2013/6/14,0.004524052
2013/6/17,-0.000532531
2013/6/18,-0.020520841
2013/6/19,-0.014669724
2013/6/20,-0.00804496
2013/6/21,-0.026863004
2013/6/24,0.000223535
2013/6/25,-0.011390147
2013/6/26,-0.010835542
2013/6/27,0.006959373
2013/6/28,0.031501188
2013/7/1,0.022400057
2013/7/2,0.005504667
2013/7/3,-0.008064733
2013/7/5,-0.005693924
2013/7/8,0.017435407
2013/7/9,-0.003843113
2013/7/10,0.015471661
2013/7/11,-0.001827117
2013/7/12,0.002178096
2013/7/15,0.006436326
2013/7/16,0.000255625
2013/7/17,0.003364018
2013/7/18,-0.015898345
2013/7/19,0.003195238
2013/7/22,-0.01731969
2013/7/23,0.050086065
2013/7/24,-0.004573353
2013/7/25,0.005662415
2013/7/26,0.015302164
2013/7/29,0.012273967
2013/7/30,-0.001744325
2013/7/31,0.00912885
2013/8/1,0.012750131
2013/8/2,0.014828775
2013/8/5,-0.008986841
2013/8/6,-0.00058057
2013/8/7,-0.008574616
2013/8/8,-0.014331917
2013/8/9,0.028012038
2013/8/12,0.046427656
2013/8/13,0.018076101
2013/8/14,-0.00118434
2013/8/15,0.008837985
2013/8/16,0.010712271
2013/8/19,-0.013223733
2013/8/20,0.002571214
2013/8/21,0.001193562
2013/8/22,-0.003864528
2013/8/23,0.003884514
2013/8/26,-0.029006923
2013/8/27,0.004716806
2013/8/28,0.001628366
2013/8/29,-0.009153008
2013/8/30,0.002787434
2013/9/3,0.020481355
2013/9/4,-0.0068816
2013/9/5,0.005938727
2013/9/6,0.015830803
2013/9/9,-0.023042317
2013/9/10,-0.055981678
2013/9/11,0.010591268
2013/9/12,-0.016617497
2013/9/13,-0.032308107
2013/9/16,0.011486299
2013/9/17,0.020348545
2013/9/18,0.016265329
2013/9/19,-0.010407569
2013/9/20,0.048503911
2013/9/23,-0.003143751
2013/9/24,-0.015598425
2013/9/25,0.009692662
2013/9/26,-0.007162242
2013/9/27,-0.012506634
2013/9/30,0.023241123
2013/10/1,0.003273544
2013/10/2,-0.012641825
2013/10/3,-0.000786366
2013/10/4,0.009724191
2013/10/7,-0.014060382
2013/10/8,0.011679258
2013/10/9,0.006248572
2013/10/10,0.006453261
2013/10/11,0.006532856
2013/10/14,0.005307999
2013/10/15,0.004861102
2013/10/16,0.006742178
2013/10/17,0.008664059
2013/10/18,0.024208945
2013/10/21,-0.00286204
2013/10/22,0.009743251
2013/10/23,0.013152271
2013/10/24,-0.011249138
2013/10/25,0.007425401
2013/10/28,-0.025226915
2013/10/29,0.015784126
2013/10/30,-0.004200167
2013/10/31,-0.005121122
2013/11/1,0.01283955
2013/11/4,-0.002471037
2013/11/5,-0.008658521
2013/11/6,-0.016315366
2013/11/7,0.01562405
2013/11/8,-0.002904961
2013/11/11,0.001847894
2013/11/12,0.001191528
2013/11/13,0.014359674
2013/11/14,-0.006020091
2013/11/15,-0.012188557
2013/11/18,0.001772379
2013/11/19,-0.008796152
2013/11/20,0.011851834
2013/11/21,-0.002574644
2013/11/22,0.007551294
2013/11/25,0.018276181
2013/11/26,0.023274132
2013/11/27,0.018348552
2013/11/29,-0.008742033
2013/12/2,0.027007065
2013/12/3,-0.002333516
2013/12/4,0.005119594
2013/12/5,-0.013972921
2013/12/6,0.011381081
2013/12/9,-0.001554819
2013/12/10,-0.007436305
2013/12/11,-0.00146182
2013/12/12,-0.010960032
2013/12/13,0.005521901
2013/12/16,-0.004512314
2013/12/17,-0.007632833
2013/12/18,-0.011522814
2013/12/19,0.008340386
2013/12/20,0.037659373
2013/12/23,-0.004253902
2013/12/24,-0.006663389
2013/12/26,-0.006779474
2013/12/27,-0.009994632
2013/12/30,0.011653688
2013/12/31,-0.014163515
2014/1/2,-0.022210665
2014/1/3,0.005438193
2014/1/6,-0.00717727
2014/1/7,0.006312851
2014/1/8,-0.012852311
2014/1/9,-0.006694985
2014/1/10,0.005221515
2014/1/13,0.019702688
2014/1/14,0.019878308
2014/1/15,-0.005595481
2014/1/16,-0.024806737
2014/1/17,0.015416878
2014/1/21,0.00443404
2014/1/22,0.008431925
2014/1/23,-0.018344737
2014/1/24,0.008079667
2014/1/27,-0.083302496
2014/1/28,-0.011417452
2014/1/29,-0.001938981
2014/1/30,0.001639393
2014/1/31,0.001856031
2014/2/3,0.014371893
2014/2/4,0.007441042
2014/2/5,-0.000156129
2014/2/6,0.013892992
2014/2/7,0.017756344
2014/2/10,0.013090078
2014/2/11,-7.47621E-05
2014/2/12,0.015754605
2014/2/13,-0.000808651
2014/2/14,0.00366987
2014/2/18,-0.015913783
2014/2/19,-0.01164241
2014/2/20,-0.011170165
2014/2/21,0.004369263
2014/2/24,-0.010461048
2014/2/25,-0.00906288
2014/2/26,0.01975149
2014/2/27,-0.002713683
2014/2/28,0.002884214
2014/3/3,0.006572224
2014/3/4,0.002106056
2014/3/5,-0.003028852
2014/3/6,-0.000584227
2014/3/7,0.00090456
2014/3/10,0.009690557
2014/3/11,0.000969546
2014/3/12,-0.011168844
2014/3/13,-0.011294997
2014/3/14,0.003899388
2014/3/17,0.008807935
2014/3/18,-0.000263437
2014/3/19,-0.004830403
2014/3/20,0.007856299
2014/3/21,0.011790559
2014/3/24,0.010699388
2014/3/25,-0.009605775
2014/3/26,-0.004307303
2014/3/27,-0.001117008
2014/3/28,-0.000223458
2014/3/31,0.009106171
2014/4/1,0.001660166
2014/4/2,-0.006954326
2014/4/3,-0.013020874
2014/4/4,-0.01582535
2014/4/7,-5.72351E-05
2014/4/8,0.013058225
2014/4/9,-0.012981787
2014/4/10,-0.007420279
2014/4/11,0.003975866
2014/4/14,-0.007156454
2014/4/15,0.002025186
2014/4/16,0.011360728
2014/4/17,0.011798256
2014/4/21,0.00099727
2014/4/22,-0.013157446
2014/4/23,0.078794418
2014/4/24,0.007317754
2014/4/25,0.037996709
2014/4/28,-0.002966999
2014/4/29,-0.003788845
2014/4/30,0.002352904
2014/5/1,0.001857886
2014/5/2,0.014042506
2014/5/5,-0.010958939
2014/5/6,-0.003505513
2014/5/7,-0.007353924
2014/5/8,-0.004175395
2014/5/9,0.012373174
2014/5/12,0.001567409
2014/5/13,0.000185263
2014/5/14,-0.0085399
2014/5/15,0.014650526
2014/5/16,0.011779562
2014/5/19,0.000198429
2014/5/20,0.002642409
2014/5/21,0.001582017
2014/5/22,0.011233176
2014/5/23,0.018552542
2014/5/27,-0.002592742
2014/5/28,0.018056788
2014/5/29,-0.003752779
2014/5/30,-0.006895753
2014/6/2,0.014042313
2014/6/3,0.011354188
2014/6/4,0.003915892
2014/6/5,-0.002753484
2014/6/6,0.01587471
2014/6/9,0.00585268
2014/6/10,-0.004146516
2014/6/11,-0.016868517
2014/6/12,-0.011004088
2014/6/13,0.010028382
2014/6/16,-0.001302323
2014/6/17,0.001085423
2014/6/18,-0.003477508
2014/6/19,-0.010395629
2014/6/20,-0.000880423
2014/6/23,-0.006073676
2014/6/24,0.00088574
2014/6/25,0.00595831
2014/6/26,0.011811204
2014/6/27,0.010275316
2014/6/30,0.006328753
2014/7/1,-0.000427722
2014/7/2,0.005866328
2014/7/3,0.020421762
2014/7/7,-0.006481311
2014/7/8,0.000419419
2014/7/9,-0.003675896
2014/7/10,0.001892148
2014/7/11,0.012834694
2014/7/14,-0.011785046
2014/7/15,-0.005681236
2014/7/16,-0.017991692
2014/7/17,0.014292095
2014/7/18,-0.005202496
2014/7/21,0.008268848
2014/7/22,0.025742696
2014/7/23,-0.001647658
2014/7/24,0.00657424
2014/7/25,0.01372736
2014/7/28,-0.006484319
2014/7/29,-0.00234057
2014/7/30,-0.026324101
2014/7/31,0.00552858
2014/8/1,-0.00563323
2014/8/4,-0.004928876
2014/8/5,-0.001683544
2014/8/6,-0.005067536
2014/8/7,0.002748041
2014/8/8,0.013107722
2014/8/11,-0.000208335
2014/8/12,0.013146466
2014/8/13,0.00267027
2014/8/14,0.004911039
2014/8/15,0.01197133
2014/8/18,0.013721443
2014/8/19,0.000397812
2014/8/20,9.94283E-05
2014/8/21,0.007330394
2014/8/22,0.002168984
2014/8/25,-0.006421995
2014/8/26,0.012215658
2014/8/27,0.001174322
2014/8/28,0.002442004
2014/8/29,0.007774616
2014/9/2,-0.043123769
2014/9/3,-0.008322386
2014/9/4,0.008625514
2014/9/5,-0.006182557
2014/9/8,-0.003768826
2014/9/9,0.030255125
2014/9/10,0.004248389
2014/9/11,0.002265046
2014/9/12,-0.000295224
2014/9/15,-0.007605311
2014/9/16,0.007113249
2014/9/17,0.002065202
2014/9/18,-0.008187469
2014/9/19,0.000989961
2014/9/22,0.01551336
2014/9/23,-0.008708896
2014/9/24,-0.038878716
2014/9/25,0.029002093
2014/9/26,-0.006372619
2014/9/29,0.006372619
2014/9/30,-0.01570582
2014/10/1,0.007233305
2014/10/2,-0.002806698
2014/10/3,0
2014/10/6,-0.008771584
2014/10/7,0.020546992
2014/10/8,0.002180082
2014/10/9,-0.002874768
2014/10/10,-0.009175371
2014/10/13,-0.010676935
2014/10/14,-0.012328853
2014/10/15,-0.013209645
2014/10/16,0.014541544
2014/10/17,0.021172892
2014/10/20,0.026802731
2014/10/21,0.005061784
2014/10/22,0.017708133
2014/10/23,0.003713406
2014/10/24,-0.001045975
2014/10/27,0.015388513
2014/10/28,0.005605396
2014/10/29,-0.003359391
2014/10/30,0.009489289
2014/10/31,0.012879663
2014/11/3,-0.007339482
2014/11/4,0.002391246
2014/11/5,-0.001470896
2014/11/6,0.002847901
2014/11/7,-0.001652626
2014/11/10,0.007962299
2014/11/11,0.01403059
2014/11/12,0.014013707
2014/11/13,0.011982522
2014/11/14,-0.00166546
2014/11/17,0.012900066
2014/11/18,-0.006952318
2014/11/19,0.014200568
2014/11/20,0.001374723
2014/11/21,0.018375643
2014/11/24,-0.008720336
2014/11/25,0.011834458
2014/11/26,-0.000588408
2014/11/28,-0.032994446
2014/12/1,-0.003831124
2014/12/2,0.011277045
2014/12/3,-0.003802649
2014/12/4,-0.004251783
2014/12/5,-0.022868191
2014/12/8,0.015186624
2014/12/9,-0.019198254
2014/12/10,-0.002952026
2014/12/11,-0.017077442
2014/12/12,-0.01376421
2014/12/15,-0.013768977
2014/12/16,0.024612678
2014/12/17,0.029183337
2014/12/18,-0.007753013
2014/12/19,0.010324086
2014/12/22,-0.003548026
2014/12/23,-0.004720525
2014/12/24,0.017522501
2014/12/26,-0.000701992
2014/12/29,-0.01227775
2014/12/30,-0.019202026
2014/12/31,-0.00955809
2015/1/2,-0.028576024
2015/1/5,9.41509E-05
2015/1/6,0.01392477
2015/1/7,0.037702517
2015/1/8,0.001071943
2015/1/9,-0.024949355
2015/1/12,0.008839534
2015/1/13,-0.003817803
2015/1/14,-0.027515391
2015/1/15,-0.007800463
2015/1/16,0.025431058
2015/1/20,0.007605333
2015/1/21,0.025682835
2015/1/22,0.00514691
2015/1/23,0.001061536
2015/1/26,-0.035640921
2015/1/27,0.054992657
2015/1/28,0.030658685
2015/1/29,-0.014742248
2015/1/30,0.012468816
2015/2/2,0.000168611
2015/2/3,0.007640321
2015/2/4,0.003173347
2015/2/5,-0.008456566
2015/2/6,0.006620598
2015/2/9,0.01902925
2015/2/10,0.023168311
2015/2/11,0.012572808
2015/2/12,0.004890757
2015/2/13,0.005884447
2015/2/17,0.006938247
2015/2/18,-0.00209981
2015/2/19,0.008141189
2015/2/20,0.026668247
2015/2/23,-0.006260155
2015/2/24,-0.025905864
2015/2/25,0.012576903
2015/2/26,-0.015142378
2015/2/27,0.00489217
2015/3/2,0.002089411
2015/3/3,-0.006359138
2015/3/4,-0.016709454
2015/3/5,0.001501886
2015/3/6,0.004256332
2015/3/9,-0.020902775
2015/3/10,-0.018399773
2015/3/11,0.017917704
2015/3/12,-0.006934393
2015/3/13,0.010944022
2015/3/16,0.016588372
2015/3/17,0.011193417
2015/3/18,-0.007579049
2015/3/19,-0.012628424
2015/3/20,0.010351323
2015/3/23,-0.004096075
2015/3/24,-0.026474198
2015/3/25,0.006946155
2015/3/26,-0.008000334
2015/3/27,0.024999331
2015/3/30,-0.015470835
2015/3/31,-0.001447644
2015/4/1,0.008574801
2015/4/2,0.016068735
2015/4/6,-0.010577901
2015/4/7,-0.003259047
2015/4/8,0.007614218
2015/4/9,0.004257706
2015/4/10,-0.001968892
2015/4/13,-0.004345225
2015/4/14,0.00379324
2015/4/15,-0.004823097
2015/4/16,-0.011318469
2015/4/17,0.022588636
2015/4/20,-0.005422166
2015/4/21,0.013384084
2015/4/22,0.008130472
2015/4/23,0.004693219
2015/4/24,0.01802804
2015/4/27,-0.01588116
2015/4/28,-0.014815055
2015/4/29,-0.027504788
2015/4/30,0.029911683
2015/5/1,-0.001940618
2015/5/4,-0.022790707
2015/5/5,-0.00629961
2015/5/6,0.001997843
2015/5/7,0.018665521
2015/5/8,-0.01023876
2015/5/11,-0.00356871
2015/5/12,0.001111641
2015/5/13,0.023063401
2015/5/14,-0.001396803
2015/5/15,0.010967054
2015/5/18,-0.000922124
2015/5/19,-7.69769E-05
2015/5/20,0.010174148
2015/5/21,0.008714427
2015/5/22,-0.022277364
2015/5/26,0.018497784
2015/5/27,-0.001970981
2015/5/28,-0.011447885
2015/5/29,0.001993652
2015/6/1,-0.00445286
2015/6/2,0.001230299
2015/6/3,-0.005857856
2015/6/4,-0.005503739
2015/6/5,-0.006628903
2015/6/8,-0.002977857
2015/6/9,0.011393053
2015/6/10,-0.002252753
2015/6/11,-0.011104243
2015/6/12,-0.001967807
2015/6/15,0.005343404
2015/6/16,-0.002353834
2015/6/17,0.004545756
2015/6/18,-0.010059783
2015/6/19,0.007946228
2015/6/22,-0.004555459
2015/6/23,0.008465991
2015/6/24,-0.004772905
2015/6/25,-0.005899722
2015/6/26,-0.017669992
2015/6/29,0.007201183
2015/6/30,0.009284676
2015/7/1,-0.001264591
2015/7/2,-0.003486012
2015/7/6,-0.002463317
2015/7/7,-0.025136294
2015/7/8,-0.020607389
2015/7/9,0.026383285
2015/7/10,0.019121688
2015/7/13,-0.00039801
2015/7/14,0.00958689
2015/7/15,0.013237933
2015/7/16,0.008600371
2015/7/17,0.018725083
2015/7/20,-0.010045043
2015/7/21,-0.043214913
2015/7/22,-0.00047924
2015/7/23,-0.005287235
2015/7/24,-0.013993062
2015/7/27,0.004956338
2015/7/28,-0.003165973
2015/7/29,-0.005053744
2015/7/30,-0.008782426
2015/7/31,-0.023860312
2015/8/3,-0.032609753
2015/8/4,0.006607571
2015/8/5,-0.002342464
2015/8/6,0.003381751
2015/8/7,0.035712042
2015/8/10,-0.053440991
2015/8/11,0.015302183
2015/8/12,-0.000781249
2015/8/13,0.007009678
2015/8/14,0.010295252
2015/8/17,-0.005649283
2015/8/18,-0.012872157
2015/8/19,-0.020733449
2015/8/20,-0.063113253
2015/8/21,-0.025279017
2015/8/24,0.005994333
2015/8/25,0.055770512
2015/8/26,0.029021361
2015/8/27,0.0032713
2015/8/28,-0.004689201
2015/8/31,-0.045726434
2015/9/1,0.041994684
2015/9/2,-0.017691557
2015/9/3,-0.010016547
2015/9/4,0.027441022
2015/9/8,-0.019419796
2015/9/9,0.021732177
2015/9/10,0.014463609
2015/9/11,0.00958526
2015/9/14,0.008376957
2015/9/15,0.001117401
2015/9/16,-0.021622029
2015/9/17,-0.004134272
2015/9/18,0.015394374
2015/9/21,-0.015835159
2015/9/22,0.008080142
2015/9/23,0.005930595
2015/9/24,-0.002524924
2015/9/25,-0.019987423
2015/9/28,-0.030521629
2015/9/29,0.01130581
2015/9/30,-0.006549086
2015/10/1,0.007274046
2015/10/2,0.003617331
2015/10/5,0.004772813
2015/10/6,-0.004772813
2015/10/7,-0.011621703
2015/10/8,0.023645213
2015/10/9,-0.004648712
2015/10/12,0.001701061
2015/10/13,-0.014234475
2015/10/14,0.014860453
2015/10/15,-0.007357593
2015/10/16,0.006194786
2015/10/19,0.018093549
2015/10/20,-8.78302E-05
2015/10/21,0.015179529
2015/10/22,0.030525006
2015/10/23,-0.032431584
2015/10/26,-0.006352508
2015/10/27,0.040378353
2015/10/28,0.010508888
2015/10/29,-0.008582313
2015/10/30,0.013960672
2015/11/2,0.011405252
2015/11/3,-0.004661251
2015/11/4,-0.008891875
2015/11/5,0.001157088
2015/11/6,-0.00405576
2015/11/9,-0.032024343
2015/11/10,-0.005668136
2015/11/11,-0.003364538
2015/11/12,-0.029643529
2015/11/13,0.016246199
2015/11/16,-0.004300669
2015/11/17,0.031174019
2015/11/18,0.012623542
2015/11/19,0.00436832
2015/11/20,-0.01307763
2015/11/23,0.009550814
2015/11/24,-0.007175718
2015/11/25,-0.001865706
2015/11/27,0.004150681
2015/11/30,-0.008148135
2015/12/1,-0.009074594
2015/12/2,-0.009331362
2015/12/3,0.032705849
2015/12/4,-0.006320867
2015/12/7,-0.000422781
2015/12/8,-0.022322927
2015/12/9,0.004745649
2015/12/10,-0.026075164
2015/12/11,-0.006204008
2015/12/14,-0.017850481
2015/12/15,0.007663564
2015/12/16,-0.021424131
2015/12/17,-0.027442343
2015/12/18,0.012186128
2015/12/21,-0.000932103
2015/12/22,0.012787387
2015/12/23,-0.005354518
2015/12/24,-0.011263791
2015/12/28,0.0178145
2015/12/29,-0.013144649
2015/12/30,-0.019381508
2015/12/31,0.000854622
2016/1/4,-0.025378657
2016/1/5,-0.019763723
2016/1/6,-0.043121062
2016/1/7,0.005273824
2016/1/8,0.016062548
2016/1/11,0.014409036
2016/1/12,-0.02604657
2016/1/13,0.021635053
2016/1/14,-0.024308343
2016/1/15,-0.004850538
2016/1/19,0.001343975
2016/1/20,-0.005075323
2016/1/21,0.05180195
2016/1/22,-0.019715823
2016/1/25,0.005515654
2016/1/26,-0.067964686
2016/1/27,0.007146273
2016/1/28,0.033958235
2016/1/29,-0.009392607
2016/2/1,-0.020429142
2016/2/2,0.019599181
2016/2/3,0.002591346
2016/2/4,-0.027071258
2016/2/5,0.010474708
2016/2/8,-0.000210611
2016/2/9,-0.007608618
2016/2/10,-0.006064816
2016/2/11,0.003090205
2016/2/12,0.027804383
2016/2/16,0.015198526
2016/2/17,-0.019138355
2016/2/18,-0.002288134
2016/2/19,0.008708287
2016/2/22,-0.022864618
2016/2/23,0.014780876
2016/2/24,0.006844411
2016/2/25,0.001549027
2016/2/26,-0.002272728
2016/2/29,0.038946165
2016/3/1,0.00218601
2016/3/2,0.007416598
2016/3/3,0.014767311
2016/3/4,-0.01112858
2016/3/7,-0.008280027
2016/3/8,0.000890468
2016/3/9,0.0004943
2016/3/10,0.010716359
2016/3/11,0.002539234
2016/3/14,0.019894466
2016/3/15,0.013203706
2016/3/16,-0.001605478
2016/3/17,0.001133535
2016/3/18,-9.43776E-05
2016/3/21,0.007618868
2016/3/22,-0.005543862
2016/3/23,-0.00434369
2016/3/24,-0.004552754
2016/3/28,0.023395589
2016/3/29,0.017308442
2016/3/30,-0.00521621
2016/3/31,0.009133318
2016/4/1,0.010221318
2016/4/4,-0.011859171
2016/4/5,0.010418213
2016/4/6,-0.022051007
2016/4/7,0.001105009
2016/4/8,0.003307537
2016/4/11,0.012941108
2016/4/12,0.014383527
2016/4/13,0.00053538
2016/4/14,-0.020275531
2016/4/15,-0.021810978
2016/4/18,-0.005317425
2016/4/19,0.002055616
2016/4/20,-0.010886978
2016/4/21,-0.002740375
2016/4/22,-0.005693695
2016/4/25,-0.006971331
2016/4/26,-0.064621578
2016/4/27,-0.03104324
2016/4/28,-0.011560865
2016/4/29,-0.001067307
2016/5/2,0.016312193
2016/5/3,-0.010455774
2016/5/4,-0.01013729
2016/5/5,-0.005592572
2016/5/6,0.000754676
2016/5/9,0.00676658
2016/5/10,-0.009788665
2016/5/11,-0.023736504
2016/5/12,0.001990491
2016/5/13,0.036446552
2016/5/16,-0.004162892
2016/5/17,0.011380075
2016/5/18,-0.003814372
2016/5/19,0.010769865
2016/5/20,0.012627353
2016/5/23,0.015129193
2016/5/24,0.017416438
2016/5/25,0.007898856
2016/5/26,-0.000597768
2016/5/27,-0.00489487
2016/5/31,-0.014118831
2016/6/1,-0.007544128
2016/6/2,0.002044572
2016/6/3,0.007224616
2016/6/6,0.0040474
2016/6/7,-0.000909188
2016/6/8,0.0071504
2016/6/9,-0.008262844
2016/6/10,-0.015191239
2016/6/13,0.001232074
2016/6/14,-0.0032888
2016/6/15,0.004211871
2016/6/16,-0.023020552
2016/6/17,-0.002415587
2016/6/20,0.008481324
2016/6/21,-0.003760581
2016/6/22,0.005739603
2016/6/23,-0.028497971
2016/6/24,-0.01466808
2016/6/27,0.016700232
2016/6/28,0.008617576
2016/6/29,0.012631747
2016/6/30,0.003028881
2016/7/1,-0.00943012
2016/7/5,0.005668753
2016/7/6,0.004282703
2016/7/7,0.007683518
2016/7/8,0.003098257
2016/7/11,0.004526715
2016/7/12,-0.005661614
2016/7/13,0.01962647
2016/7/14,-0.00010123
2016/7/15,0.010573584
2016/7/18,0.000400641
2016/7/19,0.000900726
2016/7/20,-0.005316227
2016/7/21,-0.007774243
2016/7/22,-0.013469673
2016/7/25,-0.006906847
2016/7/26,0.062940278
2016/7/27,0.013411365
2016/7/28,-0.001246665
2016/7/29,0.017502625
2016/8/1,-0.014915015
2016/8/2,0.012460293
2016/8/3,0.000755967
2016/8/4,0.015092857
2016/8/5,0.008246514
2016/8/8,0.00405187
2016/8/9,-0.007471978
2016/8/10,-0.000648358
2016/8/11,0.002313638
2016/8/12,0.011945414
2016/8/15,-0.000913899
2016/8/16,-0.001463825
2016/8/17,-0.001282639
2016/8/18,0.002563634
2016/8/19,-0.007802821
2016/8/22,0.003128416
2016/8/23,-0.007561821
2016/8/24,-0.004267168
2016/8/25,-0.005873832
2016/8/26,-0.001122792
2016/8/29,-0.007706081
2016/8/30,0.000942952
2016/8/31,0.005920273
2016/9/1,0.009325816
2016/9/2,-0.000278587
2016/9/6,0.00610947
2016/9/7,-0.026558547
2016/9/8,-0.022910181
2016/9/9,0.022151819
2016/9/12,0.023526011
2016/9/13,0.034775033
2016/9/14,0.033433254
2016/9/15,-0.005640173
2016/9/16,-0.0117288
2016/9/19,-8.80475E-05
2016/9/20,-0.000176083
2016/9/21,0.00937904
2016/9/22,-0.016804196
2016/9/23,0.001507124
2016/9/26,0.001858654
2016/9/27,0.007575794
2016/9/28,-0.015654997
2016/9/29,0.00772551
2016/9/30,-0.004699286
2016/10/3,0.004256871
2016/10/4,0.000442415
2016/10/5,0.007402836
2016/10/6,0.00149152
2016/10/7,0.017296577
2016/10/10,0.002151927
2016/10/11,0.008902575
2016/10/12,-0.003072655
2016/10/13,0.005541057
2016/10/14,-0.000680262
2016/10/17,-0.000680827
2016/10/18,-0.002983897
2016/10/19,-0.000512495
2016/10/20,-0.003937316
2016/10/21,0.008964841
2016/10/24,0.005086912
2016/10/25,-0.022751615
2016/10/26,-0.009649243
2016/10/27,-0.006660883
2016/10/28,-0.001584089
2016/10/31,-0.018220333
2016/11/1,0.000896539
2016/11/2,-0.015897689
2016/11/3,-0.009054839
2016/11/4,0.014321869
2016/11/7,0.005869814
2016/11/8,-0.00162206
2016/11/9,-0.02826361
2016/11/10,0.005919914
2016/11/11,-0.025405308
2016/11/14,0.013156848
2016/11/15,0.026533072
2016/11/16,-0.000363736
2016/11/17,0.000999955
2016/11/18,0.015059647
2016/11/21,0.000626314
2016/11/22,-0.005111431
2016/11/23,0.005021946
2016/11/25,-0.001969915
2016/11/28,-0.000986414
2016/11/29,-0.008469318
2016/11/30,-0.00936328
2016/12/1,0.003737677
2016/12/2,-0.007214314
2016/12/5,0.007669133
2016/12/6,0.009774754
2016/12/7,0.009769327
2016/12/8,0.016189959
2016/12/9,-0.005720517
2016/12/12,0.01654377
2016/12/13,0
2016/12/14,0.005454288
2016/12/15,0.001294275
2016/12/16,0.005760731
2016/12/19,0.002654191
2016/12/20,0.000940131
2016/12/21,-0.006599518
2016/12/22,0.001975826
2016/12/23,0.006330828
2016/12/27,-0.004273145
2016/12/28,-0.00025697
2016/12/29,-0.007826348
2016/12/30,0.002845197
2017/1/3,-0.001119904
2017/1/4,0.005072478
2017/1/5,0.011086622
2017/1/6,0.009117767
2017/1/9,0.001008014
2017/1/10,0.0053588
2017/1/11,-0.004184107
2017/1/12,-0.001762559
2017/1/13,0.008032172
2017/1/17,-8.33701E-05
2017/1/18,-0.001751646
2017/1/19,0.001835016
2017/1/20,0.000666445
2017/1/23,-0.000916476
2017/1/24,0.01579521
2017/1/25,0.000492232
2017/1/26,8.19386E-05
2017/1/27,-0.002627475
2017/1/30,-0.002304685
2017/1/31,0.059193607
2017/2/1,-0.001710199
2017/2/2,0.004270027
2017/2/3,0.009330307
2017/2/6,0.009472289
2017/2/7,0.003869884
2017/2/8,0.002873843
2017/2/9,-0.002268119
2017/2/10,0.008816575
2017/2/13,0.0128958
2017/2/14,0.003622464
2017/2/15,-0.001181334
2017/2/16,0.002729865
2017/2/17,0.007194775
2017/2/21,0.002994809
2017/2/22,-0.004239153
2017/2/23,0.000951748
2017/2/24,0.001973669
2017/2/27,0.000438172
2017/2/28,0.02023328
2017/3/1,-0.00595506
2017/3/2,0.005883579
2017/3/3,-0.003152797
2017/3/6,0.001291028
2017/3/7,-0.003734056
2017/3/8,-0.00230487
2017/3/9,0.003311557
2017/3/10,0.000431099
2017/3/13,-0.001509702
2017/3/14,0.010520791
2017/3/15,0.001636109
2017/3/16,-0.004987897
2017/3/17,0.010446028
2017/3/20,-0.011518165
2017/3/21,0.011235303
2017/3/22,-0.003541833
2017/3/23,-0.00198892
2017/3/24,0.001705059
2017/3/27,0.020514981
2017/3/28,0.002222785
2017/3/29,-0.001319243
2017/3/30,-0.00187759
2017/3/31,0.000278341
2017/4/3,0.007418539
2017/4/4,-0.005194097
2017/4/5,-0.002502782
2017/4/6,-0.002230022
2017/4/7,-0.001186667
2017/4/10,-0.010814684
2017/4/11,0.001199591
2017/4/12,-0.005303177
2017/4/13,0.005514691
2017/4/17,-0.004451861
2017/4/18,-0.003689546
2017/4/19,0.012433136
2017/4/20,-0.001194198
2017/4/21,0.009583481
2017/4/24,0.006176929
2017/4/25,-0.00589855
2017/4/26,0.000765297
2017/4/27,-0.000974116
2017/4/28,0.020191625
2017/5/1,0.006324588
2017/5/2,-0.003055303
2017/5/3,-0.003610454
2017/5/4,0.016447682
2017/5/5,0.026825385
2017/5/8,0.006384439
2017/5/9,-0.004751892
2017/5/10,0.004492049
2017/5/11,0.01386903
2017/5/12,-0.002565826
2017/5/15,-0.001478266
2017/5/16,-0.034152214
2017/5/17,0.015126231
2017/5/18,0.003403171
2017/5/19,0.006057716
2017/5/22,-0.001234608
2017/5/23,-0.002995431
2017/5/24,0.003450412
2017/5/25,-0.001691141
2017/5/26,0.000390523
2017/5/30,-0.00593941
2017/5/31,0.002745612
2017/6/1,0.014710463
2017/6/2,-0.009826209
2017/6/5,0.003372492
2017/6/6,0.00593895
2017/6/7,-0.002448719
2017/6/8,-0.039548583
2017/6/9,-0.024185935
2017/6/12,0.00801344
2017/6/13,-0.009802937
2017/6/14,-0.006011502
2017/6/15,-0.014098419
2017/6/16,0.028205965
2017/6/19,-0.009129976
2017/6/20,0.005913109
2017/6/21,-0.001646601
2017/6/22,0.004453407
2017/6/23,-0.003149554
2017/6/26,-0.014436528
2017/6/27,0.014505048
2017/6/28,-0.014853011
2017/6/29,0.002363658
2017/6/30,-0.003617171
2017/7/3,0.004103041
2017/7/5,-0.009483371
2017/7/6,0.010107758
2017/7/7,0.006084959
2017/7/10,0.003234829
2017/7/11,0.001441989
2017/7/12,0.013832798
2017/7/13,0.008557635
2017/7/14,0.003482951
2017/7/17,0.003470862
2017/7/18,0.00624382
2017/7/19,-0.004512936
2017/7/20,-0.000465666
2017/7/21,0.012038722
2017/7/24,0.004264731
2017/7/25,0.004702843
2017/7/26,-0.01907835
2017/7/27,-0.007065256
2017/7/28,-0.005163838
2017/7/31,0.008836044
2017/8/1,0.046168529
2017/8/2,-0.010041285
2017/8/3,0.005257045
2017/8/4,0.015355606
2017/8/7,0.007965196
2017/8/8,0.006103251
2017/8/9,-0.036289385
2017/8/10,0.013810884
2017/8/11,0.014937485
2017/8/14,0.01088827
2017/8/15,-0.004030463
2017/8/16,-0.019385169
2017/8/17,-0.002283106
2017/8/18,-0.001842916
2017/8/21,0.016215327
2017/8/22,0.001250913
2017/8/23,-0.004447882
2017/8/24,0.003697532
2017/8/25,0.010020935
2017/8/28,0.008878559
2017/8/29,0.002697261
2017/8/30,0.003971241
2017/8/31,0.000304856
2017/9/1,-0.012081243
2017/9/5,-0.00104939
2017/9/6,-0.004022706
2017/9/7,-0.016443473
2017/9/8,0.017930671
2017/9/11,-0.003970721
2017/9/12,-0.007550552
2017/9/13,-0.008618253
2017/9/14,0.010057942
2017/9/15,-0.007596985
2017/9/18,0.000378047
2017/9/19,-0.016899945
2017/9/20,-0.017320978
2017/9/21,-0.009827123
2017/9/22,-0.008861293
2017/9/25,0.017057254
2017/9/26,0.007092433
2017/9/27,-0.006178655
2017/9/28,0.00546518
2017/9/29,-0.002013445
2017/10/2,0.004346564
2017/10/3,-0.006494373
2017/10/4,0.012367846
2017/10/5,-0.00057933
2017/10/6,0.003471058
2017/10/9,0.000384911
2017/10/10,0.004160749
2017/10/11,-0.003519466
2017/10/12,0.006326127
2017/10/13,0.018241424
2017/10/16,0.00368345
2017/10/17,-0.004434345
2017/10/18,-0.023944896
2017/10/19,0.00172952
2017/10/20,-0.000512131
2017/10/23,0.005937439
2017/10/24,-0.004401806
2017/10/25,0.006373102
2017/10/26,0.035203035
2017/10/27,0.022258832
2017/10/30,0.013819567
2017/10/31,-0.012800413
2017/11/1,0.007283614
2017/11/2,0.025778709
2017/11/3,0.010093813
2017/11/6,0.003208597
2017/11/7,0.008147078
2017/11/8,-0.002044758
2017/11/9,-0.006903488
2017/11/10,-0.004015609
2017/11/13,-0.015233007
2017/11/14,-0.013277887
2017/11/15,0.011876252
2017/11/16,-0.005567874
2017/11/17,-0.000999594
2017/11/20,0.018419756
2017/11/21,0.010456906
2017/11/22,5.71086E-05
2017/11/24,-0.005042147
2017/11/27,-0.005876201
2017/11/28,-0.020961281
2017/11/29,0.013887148
2017/11/30,-0.004666115
2017/12/1,-0.007334637
2017/12/4,-0.000942753
2017/12/5,-0.003720684
2017/12/6,0.001832602
2017/12/7,0.000295184
2017/12/8,0.019296611
2017/12/11,-0.005633514
2017/12/12,0.003314292
2017/12/13,-0.000290307
2017/12/14,0.010110141
2017/12/15,0.013984645
2017/12/18,-0.01071362
2017/12/19,-0.001089077
2017/12/20,0.003778273
2017/12/21,0
2017/12/22,-0.025697276
2017/12/26,0.000175865
2017/12/27,0.002809601
2017/12/28,-0.010872571
2017/12/29,0.017746227
2018/1/2,-0.000174171
2018/1/3,0.00463422
2018/1/4,0.011320984
2018/1/5,-0.003721155
2018/1/8,-0.000114764
2018/1/9,-0.000229522
2018/1/10,0.005664163
2018/1/11,0.01027336
2018/1/12,-0.005095074
2018/1/16,0.016381373
2018/1/17,0.00089289
2018/1/18,-0.004472712
2018/1/19,-0.008214799
2018/1/22,0.000225918
2018/1/23,-0.016056782
2018/1/24,-0.018012244
2018/1/25,0.002334926
2018/1/26,-0.020915647
2018/1/29,-0.005911748
2018/1/30,0.00275115
2018/1/31,0.002088292
2018/2/1,-0.044359655
2018/2/2,-0.025301807
2018/2/5,0.040942097
2018/2/6,-0.021639609
2018/2/7,-0.027902285
2018/2/8,0.008088451
2018/2/9,0.039488734
2018/2/12,0.009967904
2018/2/13,0.018269478
2018/2/14,0.033026906
2018/2/15,-0.003242502
2018/2/16,-0.003369261
2018/2/20,-0.004549174
2018/2/21,0.00832436
2018/2/22,0.017241806
2018/2/23,0.019579151
2018/2/26,-0.003246029
2018/2/27,-0.001514707
2018/2/28,-0.017671484
2018/3/1,0.006890537
2018/3/2,0.0034558
2018/3/5,-0.000848726
2018/3/6,-0.009326198
2018/3/7,0.010853327
2018/3/8,0.017034997
2018/3/9,0.00962133
2018/3/12,-0.009676871
2018/3/13,-0.008537738
2018/3/14,0.001176107
2018/3/15,-0.003532614
2018/3/16,-0.015397111
2018/3/19,-0.000342329
2018/3/20,-0.022915204
2018/3/21,-0.014230488
2018/3/22,-0.023428999
2018/3/23,0.046379458
2018/3/26,-0.025975533
2018/3/27,-0.011110562
2018/3/28,0.007778439
2018/3/29,-0.006577839
2018/4/2,0.010206959
2018/4/3,0.018941743
2018/4/4,0.006910419
2018/4/5,-0.025911526
2018/4/6,0.009869181
2018/4/9,0.018643103
2018/4/10,-0.004686265
2018/4/11,0.0098102
2018/4/12,0.003382329
2018/4/13,0.006218887
2018/4/16,0.013670189
2018/4/17,-0.002246732
2018/4/18,-0.028749368
2018/4/19,-0.041835262
2018/4/20,-0.00290063
2018/4/23,-0.014016927
2018/4/24,0.004347893
2018/4/25,0.00347704
2018/4/26,-0.011637247
2018/4/27,0.017950222
2018/4/30,0.022970336
2018/5/1,0.04322714
2018/5/2,0.001810627
2018/5/3,0.038483347
2018/5/4,0.00720892
2018/5/7,0.004795139
2018/5/8,0.007016424
2018/5/9,0.014202634
2018/5/10,-0.007659209
2018/5/11,-0.002335851
2018/5/14,-0.009129982
2018/5/15,0.009289416
2018/5/16,-0.006343748
2018/5/17,-0.003643229
2018/5/18,0.007060028
2018/5/21,-0.002508072
2018/5/22,0.006391138
2018/5/23,-0.001115551
2018/5/24,0.002282846
2018/5/25,-0.003612456
2018/5/29,-0.002131018
2018/5/30,-0.003365679
2018/5/31,0.017873287
2018/6/1,0.008323109
2018/6/4,0.007685534
2018/6/5,0.003459943
2018/6/6,-0.002684226
2018/6/7,-0.009139185
2018/6/8,-0.002454758
2018/6/11,0.005475772
2018/6/12,-0.008251151
2018/6/13,0.000524288
2018/6/14,-0.010325705
2018/6/15,-0.000529647
2018/6/18,-0.01629179
2018/6/19,0.004352601
2018/6/20,-0.005591971
2018/6/21,-0.002915969
2018/6/22,-0.014982982
2018/6/25,0.012329627
2018/6/26,-0.001464978
2018/6/27,0.007249915
2018/6/28,-0.002104639
2018/6/29,0.011120435
2018/7/2,-0.017569798
2018/7/3,0.00801473
2018/7/5,0.013766766
2018/7/6,0.013789678
2018/7/9,-0.001207529
2018/7/10,-0.013061042
2018/7/11,0.016627001
2018/7/12,0.001569202
2018/7/13,-0.002197552
2018/7/16,0.002824523
2018/7/17,-0.005499577
2018/7/18,0.007743117
2018/7/19,-0.002295733
2018/7/20,0.000887592
2018/7/23,0.007228133
2018/7/24,0.009385908
2018/7/25,-0.003136007
2018/7/26,-0.016771399
2018/7/27,-0.005618393
2018/7/30,0.001998885
2018/7/31,0.057240199
2018/8/1,0.028811697
2018/8/2,0.002888942
2018/8/3,0.005179142
2018/8/6,-0.009419109
2018/8/7,0.000675741
2018/8/8,0.00783415
2018/8/9,-0.006484036
2018/8/10,0.006436122
2018/8/13,0.004204316
2018/8/14,0.002333409
2018/8/15,0.014543669
2018/8/16,0.019773176
2018/8/17,-0.009791284
2018/8/20,-0.001951294
2018/8/21,4.65577E-05
2018/8/22,0.002043945
2018/8/23,0.003104369
2018/8/24,0.008200921
2018/8/27,0.008043147
2018/8/28,0.014819102
2018/8/29,0.009151663
2018/8/30,0.011487795
2018/8/31,0.00320181
2018/9/4,-0.006546183
2018/9/5,-0.016757011
2018/9/6,-0.008100872
2018/9/7,-0.013511585
2018/9/10,0.024968541
2018/9/11,-0.012496791
2018/9/12,0.023868103
2018/9/13,-0.01141604
2018/9/14,-0.026987022
2018/9/17,0.001650922
2018/9/18,0.00059546
2018/9/19,0.007573047
2018/9/20,-0.01082967
2018/9/21,0.014277757
2018/9/24,0.006320902
2018/9/25,-0.007998072
2018/9/26,0.02034332
2018/9/27,0.003505775
2018/9/28,0.006710807
2018/10/1,0.008849245
2018/10/2,0.012095121
2018/10/3,-0.017737299
2018/10/4,-0.016361964
2018/10/5,-0.002321065
2018/10/8,0.013758392
2018/10/9,-0.047433462
2018/10/10,-0.008867095
2018/10/11,0.035096162
2018/10/12,-0.02161779
2018/10/15,0.021797828
2018/10/16,-0.004330715
2018/10/17,-0.023651064
2018/10/18,0.015115221
2018/10/19,0.006091464
2018/10/22,0.009382558
2018/10/23,-0.034903731
2018/10/24,0.021661534
2018/10/25,-0.016051709
2018/10/26,-0.018948623
2018/10/29,0.004981916
2018/10/30,0.025732612
2018/10/31,0.015235626
2018/11/1,-0.068632952
2018/11/2,-0.028799018
2018/11/5,0.010756014
2018/11/6,0.029877462
2018/11/7,-0.00697829
2018/11/8,-0.019469832
2018/11/9,-0.051687201
2018/11/12,-0.010041513
2018/11/13,-0.028654004
2018/11/14,0.024379198
2018/11/15,0.011014794
2018/11/16,-0.040438837
2018/11/19,-0.048956993
2018/11/20,-0.001130688
2018/11/21,-0.025726965
2018/11/23,0.013433104
2018/11/26,-0.002178479
2018/11/27,0.037731825
2018/11/28,-0.007711764
2018/11/29,-0.005417063
2018/11/30,0.034345742
2018/12/3,-0.044985614
2018/12/4,-0.011212115
2018/12/6,-0.036308268
2018/12/7,0.006566346
2018/12/10,-0.005735781
2018/12/11,0.002783314
2018/12/12,0.010880789
2018/12/13,-0.032520775
2018/12/14,-0.009349786
2018/12/17,0.012908903
2018/12/18,-0.031688533
2018/12/19,-0.025558486
2018/12/20,-0.039672286
2018/12/21,-0.026214675
2018/12/24,0.068052567
2018/12/26,-0.00651099
2018/12/27,0.000512222
2018/12/28,0.009618879
2018/12/31,0.001140442
2019/1/2,-0.104924356
2019/1/3,0.041803243
2019/1/4,-0.002228327
2019/1/7,0.018883701
2019/1/8,0.016839154
2019/1/9,0.003191094
2019/1/10,-0.009866538
2019/1/11,-0.015151251
2019/1/14,0.020260091
2019/1/15,0.012142586
2019/1/16,0.005920197
2019/1/17,0.006140533
2019/1/18,-0.02270189
2019/1/22,0.004036175
2019/1/23,-0.007957801
2019/1/24,0.032599679
2019/1/25,-0.009297602
2019/1/28,-0.010418848
2019/1/29,0.066101064
2019/1/30,0.007175429
2019/1/31,0.000480538
2019/2/1,0.028009031
2019/2/4,0.016964724
2019/2/5,0.000344481
2019/2/6,-0.019121041
2019/2/7,-0.00310532
2019/2/8,-0.005767507
2019/2/11,0.00858026
2019/2/12,-0.004163421
2019/2/13,0.003636651
2019/2/14,-0.002227326
2019/2/15,0.002988091
2019/2/19,0.006414811
2019/2/20,-0.005654531
2019/2/21,0.01110382
2019/2/22,0.007258073
2019/2/25,0.000573812
2019/2/26,0.003092763
2019/2/27,-0.009884593
2019/2/28,0.010456306
2019/3/1,0.005016874
2019/3/4,-0.001821436
2019/3/5,-0.005770597
2019/3/6,-0.011642135
2019/3/7,0.002374015
2019/3/8,0.034055695
2019/3/11,0.011172746
2019/3/12,0.004412362
2019/3/13,0.011055213
2019/3/14,0.012924339
2019/3/15,0.010156756
2019/3/18,-0.007956277
2019/3/19,0.008700602
2019/3/20,0.036168284
2019/3/21,-0.020925775
2019/3/22,-0.012164767
2019/3/25,-0.010385479
2019/3/26,0.008953895
2019/3/27,0.001325592
2019/3/28,0.006496423
2019/3/29,0.006768346
2019/4/1,0.014432062
2019/4/2,0.006831595
2019/4/3,0.001738932
2019/4/4,0.006671934
2019/4/5,0.015613553
2019/4/8,-0.003003045
2019/4/9,0.005598315
2019/4/10,-0.008359035
2019/4/11,-0.000402192
2019/4/12,0.001808591
2019/4/15,0.000100402
2019/4/16,0.01928587
2019/4/17,0.003587296
2019/4/18,0.00328118
2019/4/22,0.014320266
2019/4/23,-0.001543469
2019/4/24,-0.00911656
2019/4/25,-0.004785379
2019/4/26,0.001516207
2019/4/29,-0.01944396
2019/4/30,0.047918912
2019/5/1,-0.00652902
2019/5/2,0.012354674
2019/5/3,-0.015563239
2019/5/6,-0.027327008
2019/5/7,0.000197121
2019/5/8,-0.010802305
2019/5/9,-0.017793925
2019/5/10,-0.059876813
2019/5/13,0.015706311
2019/5/14,0.011908018
2019/5/15,-0.004409456
2019/5/16,-0.005698021
2019/5/17,-0.031769202
2019/5/20,0.018989518
2019/5/21,-0.020684087
2019/5/22,-0.017217046
2019/5/23,-0.003848004
2019/5/24,-0.004143365
2019/5/28,-0.004780482
2019/5/29,0.005173201
2019/5/30,-0.018281608
2019/5/31,-0.01016172
2019/6/3,0.035930628
2019/6/4,0.016014435
2019/6/5,0.014575024
2019/6/6,0.026268885
2019/6/7,0.01269846
2019/6/10,0.011513052
2019/6/11,-0.003187622
2019/6/12,-0.000206067
2019/6/13,-0.007288864
2019/6/14,0.005948837
2019/6/17,0.023246171
2019/6/18,-0.00292693
2019/6/19,0.008003526
2019/6/20,-0.00341507
2019/6/21,-0.001006644
2019/6/24,-0.015273629
2019/6/25,0.021398474
2019/6/26,-0.000300345
2019/6/27,-0.009153632
2019/6/28,0.018174601
2019/7/1,0.005837515
2019/7/2,0.008252776
2019/7/3,-0.00088101
2019/7/5,-0.020829409
2019/7/8,0.006080864
2019/7/9,0.009840077
2019/7/10,-0.007309016
2019/7/11,0.007653433
2019/7/12,0.009351144
2019/7/15,-0.003465909
2019/7/16,-0.005639304
2019/7/17,0.011295668
2019/7/18,-0.015040127
2019/7/19,0.022596818
2019/7/22,0.007787359
2019/7/23,-0.000814333
2019/7/24,-0.00793863
2019/7/25,0.003471891
2019/7/26,0.009295204
2019/7/29,-0.004301455
2019/7/30,0.020198838
2019/7/31,-0.021876689
2019/8/1,-0.021385167
2019/8/2,-0.053767772
2019/8/5,0.018753452
2019/8/6,0.010302041
2019/8/7,0.021816157
2019/8/8,-0.012066751
2019/8/9,-0.002540704
2019/8/12,0.04147623
2019/8/13,-0.030217008
2019/8/14,-0.004993934
2019/8/15,0.023320653
2019/8/16,0.018472436
2019/8/19,4.75007E-05
2019/8/20,0.010780246
2019/8/21,-0.000846822
2019/8/22,-0.047322767
2019/8/23,0.018820999
2019/8/26,-0.011347985
2019/8/27,0.006687989
2019/8/28,0.01679007
2019/8/29,-0.001292601
2019/8/30,-0.0146707
2019/9/3,0.016824172
2019/9/4,0.019362907
2019/9/5,-9.37966E-05
2019/9/6,0.004258032
2019/9/9,0.011743798
2019/9/10,0.03130011
2019/9/11,-0.00223874
2019/9/12,-0.019645734
2019/9/13,0.005243336
2019/9/16,0.003631434
2019/9/17,0.009335572
2019/9/18,-0.008158141
2019/9/19,-0.014725981
2019/9/20,0.004536628
2019/9/23,-0.004766315
2019/9/24,0.015272381
2019/9/25,-0.005171018
2019/9/26,-0.004877911
2019/9/27,0.023262604
2019/9/30,0.002764386
2019/10/1,-0.025387399
2019/10/2,0.008458825
2019/10/3,0.027646126
2019/10/4,0.00022023
2019/10/7,-0.011784144
2019/10/8,0.011652029
2019/10/9,0.013388352
2019/10/10,0.026250754
2019/10/11,-0.001440485
2019/10/14,-0.002334465
2019/10/15,-0.004045278
2019/10/16,0.003875248
2019/10/17,0.004791308
2019/10/18,0.017194049
2019/10/21,-0.002289376
2019/10/22,0.013329601
2019/10/23,0.001643554
2019/10/24,0.012241054
2019/10/25,0.009967211
2019/10/28,-0.023399581
2019/10/29,-0.000123301
2019/10/30,0.022357746
2019/10/31,0.027985543
2019/11/1,0.006545617
2019/11/4,-0.001437911
2019/11/5,0.000427661
2019/11/6,0.008477416
2019/11/7,0.002733123
2019/11/8,0.007887608
2019/11/11,-0.000915827
2019/11/12,0.009536034
2019/11/13,-0.006943489
2019/11/14,0.011809342
2019/11/15,0.005029474
2019/11/18,-0.00303718
2019/11/19,-0.011709751
2019/11/20,-0.004493519
2019/11/21,-0.000878245
2019/11/22,0.017381848
2019/11/25,-0.007839289
2019/11/26,0.013342757
2019/11/27,-0.002205222
2019/11/29,-0.011629555
2019/12/2,-0.017990943
2019/12/3,0.008787562
2019/12/4,0.014564454
2019/12/5,0.019132039
2019/12/6,-0.014099075
2019/12/9,0.005827435
2019/12/10,0.00849324
2019/12/11,0.002545062
2019/12/12,0.013501605
2019/12/13,0.016973047
2019/12/16,0.001963411
2019/12/17,-0.00239226
2019/12/18,0.001000415
2019/12/19,-0.002073372
2019/12/20,0.016186623
2019/12/23,0.00095021
2019/12/24,0.019646095
2019/12/26,-0.000379555
2019/12/27,0.005917584
2019/12/30,0.007279982
2019/12/31,0.022559933
2020/1/2,-0.009769612
2020/1/3,0.007936669
2020/1/6,-0.004714136
2020/1/7,0.015958276
2020/1/8,0.021018364
2020/1/9,0.00225816
2020/1/10,0.021139349
2020/1/13,-0.01359528
2020/1/14,-0.004294728
2020/1/15,0.012448678
2020/1/16,0.011010159
2020/1/17,-0.006799976
2020/1/21,0.003563168
2020/1/22,0.004804305
2020/1/23,-0.002886146
2020/1/24,-0.029846248
2020/1/27,0.027896587
2020/1/28,0.020716259
2020/1/29,-0.001450148
2020/1/30,-0.045351761
2020/1/31,-0.002750067
2020/2/3,0.032480437
2020/2/4,0.00812125
2020/2/5,0.011629055
2020/2/6,-0.016056362
2020/2/7,0.004738274
2020/2/10,-0.006051563
2020/2/11,0.023470189
2020/2/12,-0.007146551
2020/2/13,0.000246271
2020/2/14,-0.018480258
2020/2/18,0.014378873
2020/2/19,-0.010311956
2020/2/20,-0.022895135
2020/2/21,-0.04866558
2020/2/24,-0.034459126
2020/2/25,0.015739151
2020/2/26,-0.067602627
2020/2/27,-0.000585152
2020/2/28,0.089018357
2020/3/2,-0.032274537
2020/3/3,0.045340955
2020/3/4,-0.03297475
2020/3/5,-0.013369086
2020/3/6,-0.082395241
2020/3/9,0.06954619
2020/3/10,-0.035347954
2020/3/11,-0.103977764
2020/3/12,0.113157475
2020/3/13,-0.137708043
2020/3/16,0.043030824
2020/3/17,-0.024784565
2020/3/18,-0.007691563
2020/3/19,-0.065590341
2020/3/20,-0.02147305
2020/3/23,0.095605948
2020/3/24,-0.005523978
2020/3/25,0.051285148
2020/3/26,-0.042283749
2020/3/27,0.028138328
2020/3/30,-0.002042837
2020/3/31,-0.05405188
2020/4/1,0.016548986
2020/4/2,-0.014475673
2020/4/3,0.08364004
2020/4/6,-0.011649904
2020/4/7,0.025272576
2020/4/8,0.007190174
2020/4/9,0.019437491
2020/4/13,0.049269248
2020/4/14,-0.009169225
2020/4/15,0.007914357
2020/4/16,-0.013661615
2020/4/17,-0.020975154
2020/4/20,-0.031398127
2020/4/21,0.028396537
2020/4/22,-0.003882965
2020/4/23,0.028460702
2020/4/24,0.000706581
2020/4/27,-0.016342238
2020/4/28,0.032317354
2020/4/29,0.020876641
2020/4/30,-0.016230322
2020/5/1,0.014049648
2020/5/4,0.014897323
2020/5/5,0.010264414
2020/5/6,0.01029176
2020/5/7,0.020819531
2020/5/8,0.015612832
2020/5/11,-0.011494025
2020/5/12,-0.012147638
2020/5/13,0.006124603
2020/5/14,-0.005929595
2020/5/15,0.023287866
2020/5/18,-0.005795195
2020/5/19,0.019261458
2020/5/20,-0.007483383
2020/5/21,0.006417765
2020/5/22,-0.006796552
2020/5/26,0.004347471
2020/5/27,0.000440053
2020/5/28,-0.000974539
2020/5/29,0.012222925
2020/6/1,0.004618765
2020/6/2,0.005489944
2020/6/3,-0.008649467
2020/6/4,0.028082944
2020/6/5,0.005895085
2020/6/8,0.03108967
2020/6/9,0.025402121
2020/6/10,-0.049201212
2020/6/11,0.008596455
2020/6/12,0.012291342
2020/6/15,0.02615712
2020/6/16,-0.001392676
2020/6/17,0.000398157
2020/6/18,-0.005731036
2020/6/19,0.02582736
2020/6/22,0.021120179
2020/6/23,-0.0178097
2020/6/24,0.013188217
2020/6/25,-0.03120771
2020/6/26,0.022785112
2020/6/29,0.008312933
2020/6/30,-0.001893249
2020/7/1,0
2020/7/2,0.026398693
2020/7/6,-0.003107683
2020/7/7,0.023023036
2020/7/8,0.004291097
2020/7/9,0.001747732
2020/7/10,-0.004623862
2020/7/13,0.016412989
2020/7/14,0.006853774
2020/7/15,-0.01238126
2020/7/16,-0.002022298
2020/7/17,0.020854946
2020/7/20,-0.013897801
2020/7/21,0.002805329
2020/7/22,-0.046584861
2020/7/23,-0.002480353
2020/7/24,0.023423774
2020/7/27,-0.016563979
2020/7/28,0.018986977
2020/7/29,0.012027557
2020/7/30,0.099563517
2020/7/31,0.024885383
2020/8/3,0.00665595
2020/8/4,0.003618113
2020/8/5,0.034294398
2020/8/6,-0.024799556
2020/8/7,0.014430182
2020/8/10,-0.030191066
2020/8/11,0.032693983
2020/8/12,0.01754277
2020/8/13,-0.000891633
2020/8/14,-0.002614236
2020/8/17,0.008298279
2020/8/18,0.00125392
2020/8/19,0.021947009
2020/8/20,0.050248579
2020/8/21,0.011889281
2020/8/24,-0.008237566
2020/8/25,0.013507418
2020/8/26,-0.0120264
2020/8/27,-0.001621176
2020/8/28,0.033349805
2020/8/31,0.03905975
2020/9/1,-0.02093607
2020/9/2,-0.083447767
2020/9/3,0.000661611
2020/9/4,-0.069666276
2020/9/8,0.039111616
2020/9/9,-0.033190534
2020/9/10,-0.013215838
2020/9/11,0.029558811
2020/9/14,0.001559117
2020/9/15,-0.029957913
2020/9/16,-0.016092414
2020/9/17,-0.032234121
2020/9/18,0.029875042
2020/9/21,0.015593592
2020/9/22,-0.042851255
2020/9/23,0.010216472
2020/9/24,0.036829541
2020/9/25,0.02358849
2020/9/28,-0.007596658
2020/9/29,0.014963324
2020/9/30,0.008426559
2020/10/1,-0.032812691
2020/10/2,0.030326505
2020/10/5,-0.029088491
2020/10/6,0.016824774
2020/10/7,-0.000956323
2020/10/8,0.017246267
2020/10/9,0.061584696
2020/10/12,-0.026885562
2020/10/13,0.000742944
2020/10/14,-0.003968612
2020/10/15,-0.014099445
2020/10/16,-0.025873733
2020/10/19,0.013105665
2020/10/20,-0.005461222
2020/10/21,-0.009629539
2020/10/22,-0.00615279
2020/10/23,8.69399E-05
2020/10/26,0.013382414
2020/10/27,-0.047418902
2020/10/28,0.036380518
2020/10/29,-0.057648211
2020/10/30,-0.000827129
2020/11/2,0.015236872
2020/11/3,0.04002482
2020/11/4,0.034878329
2020/11/5,-0.002860485
2020/11/6,-0.020170055
2020/11/9,-0.003013468
2020/11/10,0.029901124
2020/11/11,-0.002346034
2020/11/12,0.000419365
2020/11/13,0.008682647
2020/11/16,-0.007593211
2020/11/17,-0.011456616
2020/11/18,0.005154868
2020/11/19,-0.01101802
2020/11/20,-0.030193894
2020/11/23,0.011527505
2020/11/24,0.007439489
2020/11/25,0.004814703
2020/11/27,0.020880125
2020/11/30,0.030361748
2020/12/1,0.002929221
2020/12/2,-0.001138119
2020/12/3,-0.005628319
2020/12/4,0.012195273
2020/12/7,0.00507797
2020/12/8,-0.021125242
2020/12/9,0.011917528
2020/12/10,-0.006757559
2020/12/11,-0.005159969
2020/12/14,0.048876171
2020/12/15,-0.00054753
2020/12/16,0.006939321
2020/12/17,-0.015977729
2020/12/18,0.012319133
2020/12/21,0.028066961
2020/12/22,-0.00700047
2020/12/23,0.007682645
2020/12/24,0.035140971
2020/12/28,-0.013404288
2020/12/29,-0.008563245
2020/12/30,-0.007732473
2020/12/31,-0.025029906
2021/1/4,0.012287928
2021/1/5,-0.034241124
2021/1/6,0.03355394
2021/1/7,0.008594227
2021/1/8,-0.023523339
2021/1/11,-0.001396486
2021/1/12,0.016096431
2021/1/13,-0.015242751
2021/1/14,-0.013825684
2021/1/15,0.005412438
2021/1/19,0.03232789
2021/1/20,0.036002372
2021/1/21,0.01594592
2021/1/22,0.027307565
2021/1/25,0.001677895
2021/1/26,-0.007713424
2021/1/27,-0.035611874
2021/1/28,-0.038138716
2021/1/29,0.016385124
2021/2/1,0.006316715
2021/2/2,-0.007808785
2021/2/3,0.025431636
2021/2/4,-0.004596061
2021/2/5,0.001096277
2021/2/8,-0.006595429
2021/2/9,-0.004568881
2021/2/10,-0.00192218
2021/2/11,0.001774418
2021/2/12,-0.016235038
2021/2/16,-0.017801523
2021/2/17,-0.008673929
2021/2/18,0.001232668
2021/2/19,-0.030252005
2021/2/22,-0.001111721
2021/2/23,-0.004060377
2021/2/24,-0.035401928
2021/2/25,0.002229136
2021/2/26,0.052451282
2021/3/1,-0.021114999
2021/3/2,-0.02476059
2021/3/3,-0.015938246
2021/3/4,0.010681128
2021/3/5,-0.042566751
2021/3/8,0.039845196
2021/3/9,-0.009208951
2021/3/10,0.016368027
2021/3/11,-0.007654673
2021/3/12,0.024162461
2021/3/15,0.012662471
2021/3/16,-0.006471464
2021/3/17,-0.034493231
2021/3/18,-0.004490287
2021/3/19,0.027941673
2021/3/22,-0.006912547
2021/3/23,-0.020196087
2021/3/24,0.004154901
2021/3/25,0.005128241
2021/3/26,0.001483924
2021/3/29,-0.012350416
2021/3/30,0.018591735
2021/3/31,0.006934541
2021/4/1,0.023303602
2021/4/5,0.002459221
2021/4/6,0.013301546
2021/4/7,0.019051137
2021/4/8,0.020049267
2021/4/9,-0.013321382
2021/4/12,0.024015819
2021/4/13,-0.018014403
2021/4/14,0.018535037
2021/4/15,-0.002531052
2021/4/16,0.005055713
2021/4/19,-0.012912999
2021/4/20,0.002925616
2021/4/21,-0.011754189
2021/4/22,0.017877776
2021/4/23,0.002973493
2021/4/26,-0.002452545
2021/4/27,-0.006045449
2021/4/28,-0.00074894
2021/4/29,-0.015248948
2021/4/30,0.008181758
2021/5/3,-0.036026748
2021/5/4,0.00195357
2021/5/5,0.012721231
2021/5/6,0.003616099
2021/5/7,-0.026143315
2021/5/10,-0.007437872
2021/5/11,-0.025254736
2021/5/12,0.017761055
2021/5/13,0.019650391
2021/5/14,-0.00930166
2021/5/17,-0.011309447
2021/5/18,-0.001282328
2021/5/19,0.020794368
2021/5/20,-0.014877207
2021/5/21,0.013226328
2021/5/24,-0.001574772
2021/5/25,-0.00039412
2021/5/26,-0.012454046
2021/5/27,-0.005362356
2021/5/28,-0.002651792
2021/6/1,0.00625653
2021/6/2,-0.012228608
2021/6/3,0.018843503
2021/6/4,7.94551E-05
2021/6/7,0.006649771
2021/6/8,0.003072433
2021/6/9,-0.008055611
2021/6/10,0.009784636
2021/6/11,0.024280742
2021/6/14,-0.006458557
2021/6/15,0.003926215
2021/6/16,0.012522108
2021/6/17,-0.010142974
2021/6/18,0.014005374
2021/6/21,0.012618411
2021/6/22,-0.002092044
2021/6/23,-0.002171338
2021/6/24,-0.002251262
2021/6/25,0.012467951
2021/6/28,0.01143462
2021/6/29,0.004610532
2021/6/30,0.002260855
2021/7/1,0.019406899
2021/7/2,0.014611203
2021/7/6,0.017795947
2021/7/7,-0.009242288
2021/7/8,0.012970502
2021/7/9,-0.004212575
2021/7/12,0.007858309
2021/7/13,0.023814654
2021/7/14,-0.004502229
2021/7/15,-0.014175956
2021/7/16,-0.027283246
2021/7/19,0.025642411
2021/7/20,-0.005144927
2021/7/21,0.009582613
2021/7/22,0.011917767
2021/7/23,0.00289032
2021/7/26,-0.01501246
2021/7/27,-0.012270989
2021/7/28,0.004542042
2021/7/29,0.001509448
2021/7/30,-0.002333703
2021/8/2,0.012565018
2021/8/3,-0.002786207
2021/8/4,0.000748281
2021/8/5,-0.006275594
2021/8/6,-0.000342217
2021/8/9,-0.003359666
2021/8/10,0.001784087
2021/8/11,0.020560507
2021/8/12,0.00140949
2021/8/13,0.013456928
2021/8/16,-0.006173018
2021/8/17,-0.025831826
2021/8/18,0.002320318
2021/8/19,0.010105583
2021/8/20,0.010204889
2021/8/23,-0.000601423
2021/8/24,-0.008456954
2021/8/25,-0.005542481
2021/8/26,0.007158895
2021/8/27,0.029963722
2021/8/30,-0.008460408
2021/8/31,0.004468648
2021/9/1,0.007447115
2021/9/2,0.004221529
2021/9/3,0.015370565
2021/9/7,-0.010134795
2021/9/8,-0.006727459
2021/9/9,-0.03366214
2021/9/10,0.003885855
2021/9/13,-0.009608083
2021/9/14,0.006124899
2021/9/15,-0.001611752
2021/9/16,-0.018518386
2021/9/17,-0.021592507
2021/9/20,0.003422087
2021/9/21,0.016731675
2021/9/22,0.006696731
2021/9/23,0.000612739
2021/9/24,-0.010606025
2021/9/27,-0.0240891
2021/9/28,0.006462044
2021/9/29,-0.009355409
2021/9/30,0.008094319
2021/10/1,-0.024913422
2021/10/4,0.014059122
2021/10/5,0.006287322
2021/10/6,0.009043442
2021/10/7,-0.002725457
2021/10/8,-0.000629981
2021/10/11,-0.009144711
2021/10/12,-0.004248934
2021/10/13,0.020023791
2021/10/14,0.00748445
2021/10/15,0.01173703
2021/10/18,0.014967548
2021/10/19,0.003355483
2021/10/20,0.00147286
2021/10/21,-0.005298963
2021/10/22,-0.000336347
2021/10/25,0.004564433
2021/10/26,-0.003152573
2021/10/27,0.024684425
2021/10/28,-0.018322462
2021/10/29,-0.005623231
2021/11/1,0.007090785
2021/11/2,0.009751004
2021/11/3,-0.003504702
2021/11/4,0.00211747
2021/11/5,-0.005568071
2021/11/8,0.002456406
2021/11/9,-0.01934918
2021/11/10,-0.000338098
2021/11/11,0.014235183
2021/11/12,6.66356E-05
2021/11/15,0.006644543
2021/11/16,0.016355614
2021/11/17,0.028136427
2021/11/18,0.016833561
2021/11/19,0.002923166
2021/11/22,0.002419131
2021/11/23,0.003278172
2021/11/24,-0.03219104
2021/11/26,0.021637854
2021/11/29,0.0310893
2021/11/30,-0.003211437
2021/12/1,-0.006148676
2021/12/2,-0.011793743
2021/12/3,0.021274864
2021/12/6,0.034832562
2021/12/7,0.02252743
2021/12/8,-0.002974513
2021/12/9,0.02762809
2021/12/10,-0.020890942
2021/12/13,-0.008055592
2021/12/14,0.028110331
2021/12/15,-0.040055463
2021/12/16,-0.006523005
2021/12/17,-0.008155163
2021/12/20,0.018907052
2021/12/21,0.015202622
2021/12/22,0.003637194
2021/12/23,0.022714883
2021/12/27,-0.005783949
2021/12/28,0.000501921
2021/12/29,-0.00659999
2021/12/30,-0.003541561
2021/12/31,0.024696666
2022/1/3,-0.012772826
2022/1/4,-0.026960062
2022/1/5,-0.016834238
2022/1/6,0.000987872
2022/1/7,0.000116181
2022/1/10,0.016644494
2022/1/11,0.002566939
2022/1/12,-0.019211433
2022/1/13,0.005097647
2022/1/14,-0.019074886
2022/1/18,-0.021248944
2022/1/19,-0.010401019
2022/1/20,-0.012847301
2022/1/21,-0.004876157
2022/1/24,-0.011450007
2022/1/25,-0.000563414
2022/1/26,-0.002947548
2022/1/27,0.067450844
2022/1/28,0.025790291
2022/1/31,-0.000973113
2022/2/1,0.007019547
2022/2/2,-0.01686111
2022/2/3,-0.002954012
2022/2/4,-0.004243547
2022/2/7,0.018298285
2022/2/8,0.00825955
2022/2/9,-0.023881755
2022/2/10,-0.020425619
2022/2/11,0.001422174
2022/2/14,0.022888511
2022/2/15,-0.001389877
2022/2/16,-0.021498634
2022/2/17,-0.009399807
2022/2/18,-0.017972837
2022/2/22,-0.026204525
2022/2/23,0.016542603
2022/2/24,0.01288214
2022/2/25,0.001636446
2022/2/28,-0.011696028
2022/3/1,0.020379169
2022/3/2,-0.001983245
2022/3/3,-0.018579758
2022/3/4,-0.024003354
2022/3/7,-0.01174479
2022/3/8,0.034398941
2022/3/9,-0.027562593
2022/3/10,-0.024199157
2022/3/11,-0.026921561
2022/3/14,0.029245492
2022/3/15,0.028602434
2022/3/16,0.006433294
2022/3/17,0.020703149
2022/3/18,0.008501442
2022/3/21,0.020587213
2022/3/22,0.00819991
2022/3/23,0.022424547
2022/3/24,0.003727141
2022/3/25,0.005024017
2022/3/28,0.018953641
2022/3/29,-0.006671754
2022/3/30,-0.017935681
2022/3/31,-0.00171961
2022/4/1,0.02341711
2022/4/4,-0.019123661
2022/4/5,-0.018623133
2022/4/6,0.001802466
2022/4/7,-0.011980408
2022/4/8,-0.025847056
2022/4/11,0.011457514
2022/4/12,0.016210436
2022/4/13,-0.030447115
2022/4/14,-0.001331796
2022/4/18,0.014016453
2022/4/19,-0.001016036
2022/4/20,-0.004855385
2022/4/21,-0.028215547
2022/4/22,0.006714609
2022/4/25,-0.038042637
2022/4/26,-0.001467888
2022/4/27,0.044165648
2022/4/28,-0.037291539
2022/4/29,0.001964533
2022/5/2,0.009576617
2022/5/3,0.04018979
2022/5/4,-0.057328499
2022/5/5,0.003247861
2022/5/6,-0.033752483
2022/5/9,0.01598362
2022/5/10,-0.053233358
2022/5/11,-0.027262479
2022/5/12,0.031417663
2022/5/13,-0.010729698
2022/5/16,0.025104867
2022/5/17,-0.058073253
2022/5/18,-0.024950073
2022/5/19,0.001745763
2022/5/20,0.039335353
2022/5/23,-0.019403014
2022/5/24,0.001139298
2022/5/25,0.022934491
2022/5/26,0.039948056
2022/5/27,-0.005360526
2022/5/31,-0.000873729
2022/6/1,0.016671498
2022/6/2,-0.039318607
2022/6/3,0.005214021
2022/6/6,0.017433088
2022/6/7,-0.005056133
2022/6/8,-0.036618048
2022/6/9,-0.039394549
2022/6/10,-0.039036961
2022/6/13,0.006650493
2022/6/14,0.019911901
2022/6/15,-0.040458983
2022/6/16,0.011467139
2022/6/17,#NUM!
